DATE,CUSTOMER NAME,LOCATION,CUSTOMER PHONE,CUSTOMER ID,MARITAL STATUS,NEXT OF KIN,NEXT OF KIN PHONE,NEXT OF KIN ID,RELATIONSHIP OF NEXT OF KIN,LOCATION OF NEXT OF KIN,OCCUPATION,OTHER SOURCE OF INCOME,REASON,PRINCIPAL REQUESTED,PERCENTAGE,DURATION,EXPECTED DATE OF RETURN,AMOUNT TO BE RETURNED,COLLATERAL/ PLEDGE,CURRENT PAYMENT,DATE OF CURRENT PAY,OUTSTANDING BALANCE,STATUS,REMARKS
MARCH 2026,,,,,,,,,,,,,,,,,,,,,,,,
2026-03-16,Test Borrower 01,Test Village A,700000001,CMTEST0000001A,MARRIED,Test Kin 01,700000051,CFTEST0000051A,WIFE,Test Village A,TRADER,POULTRY,STOCK FOR SHOP,500000,0.2,1 Month,2026-04-16,600000,LAND,,,600000,ACTIVE,
2026-05-03,Test Borrower 02,Test Village B,256700000002,CMTEST0000002A,SINGLE,Test Borrower 01,700000001,CMTEST0000001A,BROTHER,Test Village A,BODA BODA RIDER,NONE,MOTORCYCLE REPAIR,300000,0.2,1Month,2026-04-05,360000,CAR UXX 001X,,,360000,ACTIVE,
03/20/2026,Test Borrower 03,Test Village C,0700000003,CFTEST0000003A,WIDOWED,Test Kin 03,0700000053,CMTEST0000053A,SON,Test Village C,TAILOR,NONE,SCHOOL FEES,200000,0.2,2 Week,04/03/2026,240000,ID,,,240000,ACTIVE,
2026-03-24,Test Borrower 04,Test Village D,700000004,CMTEST0000004A,MARRIED,Test Kin 04,700000054,CFTEST0000054A,HUSBAND,Test Village D,FARMER,CATTLE,SEEDS AND FERTILISER,1000000,205,1 Month,2026-04-24,1100000,CAR LOG,,,1100000,ACTIVE,
,XXXX,,,,,,,,,,,,,0,,,,0,,,,0,,
APRIL 2026,,,,,,,,,,,,,,,,,,,,,,,,
,,,,,,,,,,,,,,400000,0.2,,,480000,,,,480000,,
2026-04-14,Test Borrower 05,Test Village E,700000005,CMTEST0000005A,DIVORCED,Test Kin 05,700000055,CMTEST0000055A,SISTER,Test Village E,SALON OWNER,RENTALS,SALON EQUIPMENT,800000,0.2,2 Months,2026-06-14,960000,LAND,400000,2026-05-14,560000,ACTIVE,PART PAYMENT
2026-07-04,Test Borrower 06,Test Village F,700000006,CFTEST0000006A,SINGLE,Test Borrower 03,0700000003,CFTEST0000003A,FRIEND,Test Village C,MARKET VENDOR,NONE,STOCK,250000,0.2,1 Month,2026-07-05,300000,ID,,,300000,ACTIVE,
2026-04-20,Test Borrower 01,Test Village A,+256 700 000 001,CMTEST0000001A,MARRIED,Test Kin 01,700000051,CFTEST0000051A,WIFE,Test Village A,TRADER,POULTRY,MORE STOCK,400000,0.2,1 Month,2026-05-20,480000,LAND,480000,2026-05-18,0,CLEARED,
2026-04-10,Test Borrower 07,Test Village G,700000007,CMTEST0000007A,MARRIED,Test Kin 07,700000057,,MOTHER,Test Village G,TEACHER,TUITION,HOUSE REPAIR,600000,0.2,2 Week,2026-04-30,720000,TV SET,,,720000,ACTIVE,
